"Add to Cart","Colocar no caldeirão"
"Shopping Cart","Caldeirão"
"My Wish List","Meus Feitiços"
"Search entire store here...","Procure algo assombroso..."
"Sign In","Entrar no covil"
"Create an Account","Criar pacto"
"Compare Products","Comparar maldições"
"IN STOCK","Disponível na tumba"
"In stock","Disponível na tumba"
"Default welcome msg!","Boas-vindas à Noite Assombrada!"
"Ofertas assombrosas encerram em:","Ofertas assombrosas encerram em:"
"A noite de Halloween chegou! As ofertas assombrosas foram encerradas.","A noite de Halloween chegou! As ofertas assombrosas foram encerradas."
"Assombrado","Assombrado"
"Produto Assombrado","Produto Assombrado"