"Your %store_name order confirmation","Confirmação do seu pedido assombroso na %store_name"
"Thank you for your order from %store_name.","Obrigado por comprar na %store_name."
"Once your package ships we will send you a tracking number.","Assim que seu pacote for enviado, enviaremos o código de rastreamento."
"You can check the status of your order by <a href=""%account_url"">logging into your account</a>.","Você pode acompanhar o status do seu pedido <a href=""%account_url"">acessando sua conta</a>."
"If you have questions about your order, you can email us at <a href=""mailto:%store_email"">%store_email</a>","Se tiver dúvidas sobre o pedido, envie um e-mail para <a href=""mailto:%store_email"">%store_email</a>"
"or call us at <a href=""tel:%store_phone"">%store_phone</a>","ou ligue para <a href=""tel:%store_phone"">%store_phone</a>"
"Our hours are <span class=""no-link"">%store_hours</span>.","Nosso horário de atendimento é <span class=""no-link"">%store_hours</span>."
"Your Order <span class=""no-link"">#%increment_id</span>","Seu Pedido <span class=""no-link"">#%increment_id</span>"
"Placed on <span class=""no-link"">%created_at</span>","Realizado em <span class=""no-link"">%created_at</span>"
"Billing Info","Informações de Cobrança"
"Shipping Info","Informações de Entrega"
"Payment Method","Forma de Pagamento"
"Shipping Method","Método de Entrega"
"Items","Itens"
"Qty","Qtd"
"Price","Preço"
"Subtotal","Subtotal"
"Shipping & Handling","Frete e Manuseio"
"Grand Total","Total"
"Order Information","Informações do Pedido"
"If you have questions about your order, you can email us at support@example.com.","Se tiver dúvidas sobre o pedido, envie um e-mail para support@example.com."
